,customer_id,first_name,last_name,email,phone,account_type
0,1,Jonathan,Russell,duffydanielle@example.org,+1-902-290-7469x36672,Standard
1,2,Daniel,Moore,karawong@example.net,+1-838-356-3973x4356,Premium
2,3,Carlos,Rogers,jamessanchez@example.org,001-246-275-6147x8114,Standard
3,4,James,Adams,fosterroberto@example.net,933-884-1198,Standard
4,5,Michelle,Silva,jacksonlisa@example.org,764-738-2976x4503,Standard
5,6,Alexandra,Burke,richard40@example.net,903-833-5819,Standard
6,7,Mark,Watts,lindagilbert@example.org,312.411.1434,Premium
7,8,Ryan,Hernandez,kmiller@example.net,+1-238-512-8151x81514,Standard
8,9,Anna,Avila,andrew41@example.com,(320)799-5635x64030,Premium
9,10,Danielle,White,myersethan@example.com,+1-837-942-7328,Standard
10,11,Erin,Garcia,sarahdawson@example.net,8985730862,Enterprise
11,12,Andrew,Dalton,joshua01@example.net,652.649.4129x9709,Enterprise
12,13,Cody,Mejia,hayesjames@example.com,+1-670-770-2248x931,Enterprise
13,14,Jonathan,Shaw,barbara26@example.net,208.863.6588x52866,Standard
14,15,Elizabeth,Gonzalez,jamesmarshall@example.net,+1-615-395-1449,Standard
15,16,Chelsea,Ramirez,jcherry@example.com,001-363-714-7041x271,Standard
16,17,Jason,Johnson,lbender@example.org,+1-393-585-6141x21277,Enterprise
17,18,Sarah,Barnes,clarkdavid@example.com,001-495-209-6412x29949,Premium
18,19,Joseph,Randall,reyessteven@example.org,+1-970-976-3619,Standard
19,20,Joseph,Jones,stevenschwartz@example.org,+1-764-556-2208x8344,Standard
20,21,Dean,Green,bscott@example.org,330.245.0068,Standard
21,22,Teresa,Rodriguez,sullivanjennifer@example.org,+1-414-644-6429,Premium
22,23,Frank,Rubio,srussell@example.com,+1-903-200-8849,Premium
23,24,Larry,Haas,robertbrown@example.org,001-507-548-3411x501,Standard
24,25,Phillip,Johns,taylorsims@example.com,(509)788-2512x991,Standard
25,26,Christopher,Pruitt,kellycarlos@example.net,973.526.5766,Standard
26,27,Molly,Gonzalez,ymitchell@example.net,3587137270,Standard
27,28,Andrew,Duncan,roberthicks@example.net,635-793-8435,Standard
28,29,Timothy,King,garymcclure@example.com,310.732.2334,Premium
29,30,Sean,Gonzalez,cynthiahammond@example.net,+1-997-218-0391x976,Enterprise
30,31,Edward,Cummings,obradley@example.com,+1-698-529-4251x653,Standard
31,32,Duane,Mitchell,brookskelly@example.org,434-551-8284,Standard
32,33,Cindy,Murphy,fthompson@example.org,2125704045,Standard
33,34,Heather,Juarez,christy73@example.org,341.349.5272,Standard
34,35,Jeffery,Lynch,gjordan@example.net,827.374.7869x608,Enterprise
35,36,Karen,Thompson,wbyrd@example.com,975-885-2065x1675,Standard
36,37,Patricia,Smith,nfarrell@example.org,+1-814-371-9609x856,Standard
37,38,Matthew,Webb,jared51@example.org,776-627-3748x80914,Enterprise
38,39,Rodney,Brown,taylornathan@example.org,001-436-386-2551x55974,Standard
39,40,Vincent,Moore,laura87@example.net,001-790-903-6033x560,Enterprise
40,41,Emily,Daniel,nicolemoore@example.org,(941)420-9348x9266,Enterprise
41,42,Gary,Whitehead,brianmcconnell@example.net,996.740.3908x671,Standard
42,43,Brittany,Ward,steven66@example.com,(494)323-3828x15301,Enterprise
43,44,John,Mccall,veronica24@example.org,001-518-642-7539x3174,Standard
44,45,Jennifer,Smith,xbrown@example.net,+1-274-473-5005x150,Enterprise
45,46,Michelle,Torres,yferguson@example.org,410-484-2654,Premium
46,47,Aimee,Booker,david67@example.net,(457)560-8033,Premium
47,48,Nicole,Oconnor,ebates@example.com,625.202.1137,Premium
48,49,Kristen,Smith,llewis@example.com,(458)728-8308,Premium
49,50,Nathan,Hancock,thomasnicole@example.com,001-945-902-6993x11974,Standard
50,51,Michelle,Giles,lauren61@example.com,632.542.2032x8480,Premium
51,52,Angela,Payne,ireyes@example.net,+1-653-585-9693x82227,Enterprise
52,53,Austin,Rodriguez,gramirez@example.org,859.587.3505,Standard
53,54,Tammy,Walls,jamesrivera@example.org,+1-616-394-1046x9387,Enterprise
54,55,Allison,Newton,roblesjustin@example.org,001-718-825-6332,Standard
55,56,Daniel,Beck,leachkathleen@example.com,(449)226-2415,Enterprise
56,57,Bradley,Orr,alanjohnson@example.org,(885)677-6165x4505,Standard
57,58,John,Irwin,johncole@example.net,341-519-0812,Enterprise
58,59,Kristin,Brown,anthonylogan@example.net,387-416-8125,Enterprise
59,60,Kayla,Watts,amy06@example.org,654.992.1850x7920,Standard
60,61,William,Wallace,bellpamela@example.org,(827)845-4230,Enterprise
61,62,Christina,Roberts,martinochoa@example.net,(782)210-1264x75641,Standard
62,63,Kevin,Chavez,robertsjustin@example.net,489-745-3221,Standard
63,64,Vickie,Ewing,jonesalan@example.com,001-944-595-1629x2590,Enterprise
64,65,John,Williams,andersonrobert@example.net,254-222-8725x0735,Standard
65,66,Maria,Long,yevans@example.net,001-613-960-8557,Standard
66,67,Anna,Rivera,obraun@example.org,(555)586-8216,Premium
67,68,Joshua,Marsh,michael73@example.com,820-538-9339x9196,Standard
68,69,Peter,Gallagher,moorethomas@example.net,(801)303-0793x969,Enterprise
69,70,Cody,Carey,nmurray@example.org,757.440.7930,Standard
70,71,Tracy,Larson,kelly61@example.net,(791)435-4973x033,Standard
71,72,Jamie,Reese,shughes@example.com,(925)327-4355,Premium
72,73,John,Sanford,joseph91@example.org,(253)485-6595x19616,Enterprise
73,74,Daniel,Bryant,gloria93@example.net,(657)852-5747,Enterprise
74,75,Alexander,Williams,phelpsjudy@example.net,2063544394,Standard
75,76,Jessica,Gutierrez,zkoch@example.org,617-818-5655,Premium
76,77,Scott,Arnold,charlene51@example.net,+1-744-780-2897x7712,Standard
77,78,Jeffrey,Rodriguez,johnkidd@example.net,001-618-442-6942x190,Enterprise
78,79,Marie,French,deanna07@example.org,+1-618-485-2105,Standard
79,80,James,Carey,john20@example.com,(718)911-8990,Standard
80,81,Sarah,James,slewis@example.net,895-765-7558x825,Premium
81,82,Amanda,Adams,stephanie96@example.com,369-756-9709,Premium
82,83,Christine,Williams,jennifermiller@example.net,645.377.3154x955,Premium
83,84,Janice,Huffman,david14@example.net,(641)814-6853x10698,Enterprise
84,85,Joshua,Sanchez,hbean@example.com,(424)458-5336x03579,Standard
85,86,Kenneth,Miller,ericking@example.net,+1-431-787-8017x427,Standard
86,87,Ricardo,Nelson,riggscarla@example.com,001-265-359-7802x797,Standard
87,88,Sally,Riley,khoward@example.net,+1-602-457-1415x960,Standard
88,89,William,Vasquez,smithnathan@example.org,796-415-9500x916,Standard
89,90,Pedro,Hill,marc84@example.org,(982)915-6912x891,Enterprise
90,91,Jason,Bradley,lunageorge@example.net,717.811.5006x2768,Enterprise
91,92,Samantha,Rasmussen,tammykeller@example.net,001-457-485-6455,Standard
92,93,Joshua,Phillips,ronaldjones@example.com,001-602-372-2874,Enterprise
93,94,Kevin,Hernandez,kristine30@example.com,9806451329,Standard
94,95,Stacy,Williams,briannalove@example.net,+1-773-764-0437x954,Standard
95,96,Jessica,Robbins,mrobinson@example.net,+1-422-778-1984x8471,Premium
96,97,Jennifer,Mcgrath,beckyschroeder@example.org,001-596-420-7991,Premium
97,98,Daniel,Johnson,simmonsjeffrey@example.org,+1-945-684-6693x04898,Enterprise
98,99,Jennifer,Moody,ibooth@example.net,440.737.4893x1672,Premium
99,100,Steven,Montgomery,brandylopez@example.net,(350)676-1386,Enterprise
100,101,Frank,Brown,rhodesjustin@example.org,001-456-883-4475x33568,Standard
101,102,Jennifer,Bowen,lawrencewright@example.org,+1-306-946-7057,Premium
102,103,Christine,Peters,barbaragonzalez@example.org,(912)425-2376x23923,Premium
103,104,Isabel,Cisneros,zmiller@example.net,001-785-932-5554x48899,Premium
104,105,David,Castillo,samuelarellano@example.org,909-256-5596,Standard
105,106,Christine,Vazquez,uruiz@example.com,001-996-801-1138x25783,Enterprise
106,107,Marilyn,Lopez,handrews@example.com,001-998-932-6214,Standard
107,108,Kerri,Johnson,obriennicole@example.org,224-523-1639x94319,Premium
108,109,Steven,Greer,tonya00@example.net,+1-504-343-4068,Premium
109,110,Robin,Hopkins,abigail67@example.net,853.388.9797x7550,Standard
110,111,Alexis,Reyes,brianunderwood@example.com,920.294.1448,Premium
111,112,Thomas,Galloway,ihouston@example.net,800-708-0609,Premium
112,113,Heather,Williams,swallace@example.org,(912)548-9858,Enterprise
113,114,Brent,Taylor,edwardscaleb@example.net,874-928-0275x5523,Enterprise
114,115,Lisa,Patton,jimkennedy@example.net,229.509.7164x685,Standard
115,116,Lori,Wilson,rebekah15@example.com,001-756-412-1143x7619,Premium
116,117,Sarah,Mora,sheenatrujillo@example.com,(246)405-2705x0654,Premium
117,118,Christie,Mills,pamela99@example.org,+1-785-290-2864,Standard
118,119,Randy,Wood,austin66@example.org,001-459-714-3376x834,Standard
119,120,Kendra,Gray,frobinson@example.net,+1-725-435-9174,Enterprise
120,121,Melissa,Baker,zpineda@example.com,786.546.4155x841,Standard
121,122,Matthew,King,angelapeterson@example.net,880-559-2296,Enterprise
122,123,Christina,Roberts,jenkinselizabeth@example.net,+1-825-295-7521x89895,Premium
123,124,Alexander,Gray,huffkevin@example.net,001-485-507-6552x0046,Standard
124,125,Rebecca,Ray,anthony59@example.net,+1-789-561-4869,Premium
125,126,Mary,Thomas,calvin16@example.org,001-321-597-3088x79686,Enterprise
126,127,Carl,Lozano,elizabeth62@example.org,(796)955-8608x34680,Premium
127,128,Chad,Rios,angelbrown@example.com,367-294-3446,Enterprise
128,129,Michael,Peck,gordonandrew@example.com,+1-611-269-8148x361,Enterprise
129,130,Eric,Nelson,melinda46@example.org,(675)647-1149,Premium
130,131,Michele,Hernandez,michael90@example.org,(650)720-0312x486,Enterprise
131,132,Gail,Johnson,melindasmith@example.net,681.804.6235x6513,Standard
132,133,Brittany,Blanchard,kayla69@example.net,001-554-663-5401,Premium
133,134,Edward,Evans,cynthia12@example.net,(454)256-3985,Premium
134,135,Stephen,Key,kruegerbrandon@example.net,225.358.1244,Standard
135,136,Steven,Perez,fcruz@example.com,(730)832-7673x3253,Enterprise
136,137,Derek,Brooks,rhodeskelsey@example.com,684.393.1883x0087,Enterprise
137,138,Cindy,Callahan,oscarroberts@example.com,001-615-625-6682,Enterprise
138,139,Darlene,Baker,todd13@example.net,(845)363-3493x569,Premium
139,140,Stephanie,Clark,vicki71@example.net,(523)332-1127x155,Enterprise
140,141,Kevin,George,eddie81@example.org,411.733.5762x363,Enterprise
141,142,Antonio,Mcintosh,robertsonkathleen@example.org,+1-917-241-6310x225,Enterprise
142,143,Tyler,Reyes,april28@example.net,9998158559,Standard
143,144,Mark,Kelly,thomasamy@example.net,7663420451,Standard
144,145,Edward,Alexander,michaelross@example.org,694.661.3821,Enterprise
145,146,Keith,Tapia,walter75@example.com,738.578.2758x2079,Standard
146,147,Jessica,Matthews,ugarcia@example.net,+1-984-967-9829,Standard
147,148,Michael,Jones,wvelez@example.org,001-946-342-7223,Standard
148,149,Nicholas,Bowers,fshea@example.net,(545)349-0028x808,Standard
149,150,William,Pierce,harperdalton@example.org,+1-662-454-1821x842,Standard
